model,r2_score,mae,rmse
Linear Regression,-1.362771032903289,0.7694922652505559,1.1443303755436494
Random Forest,-2.4301327600789757,1.0349375000000054,1.3787834821410574
Decision Tree,-3.0022554271215114,1.1125,1.489337100860648
