actual,Linear Regression,Decision Tree,Random Forest
3.35,3.5417281504336886,2.85,3.8045000000000098
4.0,3.367941380993509,2.85,3.8765000000000085
2.75,2.6861683122635345,2.85,3.8100000000000103
4.75,6.9403506038255784,7.45,7.25175000000001
